scale,tiles,n,m,run,seed,algorithm,objective_type,status,objective,runtime,bbox_width,bbox_height,num_tiles,total_crossovers,crossovers_needing_completion,total_tiles_completed,completion_rate,avg_tiles_per_incomplete
small,6,3,3,1,42,greedy,area,success,44,0.003833116,11,4,6,,,,,
small,6,3,3,1,42,stochastic_greedy,area,success,52,0.003251908,4,13,6,,,,,
small,6,3,3,1,42,genetic_greedy,area,success,44,0.108045223,11,4,6,12610,0,0,0.0,
small,6,3,3,1,42,genetic_stochastic,area,success,44,0.117424567,11,4,6,12640,200,596,0.015822784810126583,2.98
small,6,3,3,1,42,cplex,area,optimal,42,67.555168486,7,6,6,,,,,
small,6,3,3,2,142,greedy,area,success,48,0.003235591,16,3,6,,,,,
small,6,3,3,2,142,stochastic_greedy,area,success,44,0.002121391,11,4,6,,,,,
small,6,3,3,2,142,genetic_greedy,area,success,44,0.108279824,11,4,6,12604,128,443,0.010155506188511583,3.4609375
small,6,3,3,2,142,genetic_stochastic,area,success,42,0.304464244,7,6,6,12608,2073,5284,0.16441941624365483,2.5489628557645925
small,6,3,3,2,142,cplex,area,optimal,36,45.694931022,6,6,6,,,,,
small,6,3,3,3,242,greedy,area,success,48,0.001883819,12,4,6,,,,,
small,6,3,3,3,242,stochastic_greedy,area,success,44,0.001819785,11,4,6,,,,,
small,6,3,3,3,242,genetic_greedy,area,success,44,0.159686007,11,4,6,12638,105,302,0.008308276626048425,2.876190476190476
small,6,3,3,3,242,genetic_stochastic,area,success,44,0.102477975,11,4,6,12593,92,311,0.007305645993806083,3.380434782608696
small,6,3,3,3,242,cplex,area,optimal,40,49.200601215,10,4,6,,,,,
small,6,3,3,4,342,greedy,area,success,36,0.001451497,3,12,6,,,,,
small,6,3,3,4,342,stochastic_greedy,area,success,36,0.001722295,3,12,6,,,,,
small,6,3,3,4,342,genetic_greedy,area,success,36,0.075575015,3,12,6,12623,2,5,0.00015844094113919038,2.5
small,6,3,3,4,342,genetic_stochastic,area,success,36,0.11615138,3,12,6,12572,354,1360,0.02815781100859052,3.84180790960452
small,6,3,3,4,342,cplex,area,optimal,35,33.151875463,7,5,6,,,,,
small,6,3,3,5,442,greedy,area,success,48,0.002241863,4,12,6,,,,,
small,6,3,3,5,442,stochastic_greedy,area,success,51,0.002588427,3,17,6,,,,,
small,6,3,3,5,442,genetic_greedy,area,success,40,0.126762827,5,8,6,12546,121,367,0.00964450820978798,3.0330578512396693
small,6,3,3,5,442,genetic_stochastic,area,success,40,0.29254743,8,5,6,12508,2333,4923,0.18652062679884873,2.110158594084869
small,6,3,3,5,442,cplex,area,optimal,40,60.626034727,5,8,6,,,,,
small,6,3,3,6,542,greedy,area,success,42,0.003085272,14,3,6,,,,,
small,6,3,3,6,542,stochastic_greedy,area,success,42,0.003035066,14,3,6,,,,,
small,6,3,3,6,542,genetic_greedy,area,success,45,0.140183077,5,9,6,12591,80,216,0.006353744738305139,2.7
small,6,3,3,6,542,genetic_stochastic,area,success,42,0.143135897,14,3,6,12565,327,1041,0.02602467170712296,3.18348623853211
small,6,3,3,6,542,cplex,area,optimal,40,45.921839095,8,5,6,,,,,
small,6,3,3,7,642,greedy,area,success,42,0.002021751,3,14,6,,,,,
small,6,3,3,7,642,stochastic_greedy,area,success,42,0.001848511,3,14,6,,,,,
small,6,3,3,7,642,genetic_greedy,area,success,40,0.097273303,10,4,6,12575,42,52,0.0033399602385685884,1.2380952380952381
small,6,3,3,7,642,genetic_stochastic,area,success,36,0.066067102,9,4,6,12580,104,351,0.008267090620031796,3.375
small,6,3,3,7,642,cplex,area,optimal,36,31.804429527,9,4,6,,,,,
small,6,3,3,8,742,greedy,area,success,40,0.001791664,8,5,6,,,,,
small,6,3,3,8,742,stochastic_greedy,area,success,40,0.001661752,8,5,6,,,,,
small,6,3,3,8,742,genetic_greedy,area,success,40,0.060508434,8,5,6,12571,2,6,0.00015909633282952827,3.0
small,6,3,3,8,742,genetic_stochastic,area,success,40,0.048894455,8,5,6,12564,0,0,0.0,
small,6,3,3,8,742,cplex,area,optimal,40,47.218416902,5,8,6,,,,,
small,6,3,3,9,842,greedy,area,success,42,0.002008737,14,3,6,,,,,
small,6,3,3,9,842,stochastic_greedy,area,success,45,0.001952748,15,3,6,,,,,
small,6,3,3,9,842,genetic_greedy,area,success,40,0.123408745,5,8,6,12579,45,93,0.0035773908895778677,2.066666666666667
small,6,3,3,9,842,genetic_stochastic,area,success,40,0.143120208,5,8,6,12665,595,1463,0.04697986577181208,2.458823529411765
small,6,3,3,9,842,cplex,area,optimal,36,44.407008846,6,6,6,,,,,
small,6,3,3,10,942,greedy,area,success,48,0.002425547,6,8,6,,,,,
small,6,3,3,10,942,stochastic_greedy,area,success,42,0.001948821,6,7,6,,,,,
small,6,3,3,10,942,genetic_greedy,area,success,42,0.114130928,6,7,6,12604,130,163,0.010314185972707076,1.2538461538461538
small,6,3,3,10,942,genetic_stochastic,area,success,42,0.206480583,6,7,6,12554,1059,2589,0.08435558387764856,2.444759206798867
small,6,3,3,10,942,cplex,area,optimal,42,83.535368103,6,7,6,,,,,
small,8,3,3,1,42,greedy,area,success,64,0.003019543,4,16,8,,,,,
small,8,3,3,1,42,stochastic_greedy,area,success,64,0.003671156,16,4,8,,,,,
small,8,3,3,1,42,genetic_greedy,area,success,56,0.126072277,14,4,8,12549,61,364,0.004860945095226711,5.967213114754099
small,8,3,3,1,42,genetic_stochastic,area,success,56,0.231813237,14,4,8,12625,880,2926,0.06970297029702971,3.325
small,8,3,3,1,42,cplex,area,feasible,54,2000.28110647,6,9,8,,,,,
small,8,3,3,2,142,greedy,area,success,60,0.00359003,3,20,8,,,,,
small,8,3,3,2,142,stochastic_greedy,area,success,54,0.002646149,18,3,8,,,,,
small,8,3,3,2,142,genetic_greedy,area,success,54,0.224134045,9,6,8,12530,352,1409,0.028092577813248205,4.002840909090909
small,8,3,3,2,142,genetic_stochastic,area,success,48,0.13879557,6,8,8,12587,244,1001,0.019385079844283785,4.102459016393443
small,8,3,3,2,142,cplex,area,feasible,48,2000.166760974,8,6,8,,,,,
small,8,3,3,3,242,greedy,area,success,55,0.0025749,11,5,8,,,,,
small,8,3,3,3,242,stochastic_greedy,area,success,60,0.002508285,10,6,8,,,,,
small,8,3,3,3,242,genetic_greedy,area,success,54,0.134533265,6,9,8,12615,147,464,0.011652794292508917,3.1564625850340136
small,8,3,3,3,242,genetic_stochastic,area,success,48,0.143472483,8,6,8,12698,479,1301,0.037722475980469364,2.7160751565762005
small,8,3,3,3,242,cplex,area,optimal,48,1627.058069756,8,6,8,,,,,
small,8,3,3,4,342,greedy,area,success,54,0.003632838,3,18,8,,,,,
small,8,3,3,4,342,stochastic_greedy,area,success,54,0.002668196,3,18,8,,,,,
small,8,3,3,4,342,genetic_greedy,area,success,49,0.124730693,7,7,8,12496,95,343,0.007602432778489116,3.610526315789474
small,8,3,3,4,342,genetic_stochastic,area,success,54,0.220607607,3,18,8,12674,529,2591,0.04173899321445479,4.897920604914934
small,8,3,3,4,342,cplex,area,feasible,48,2000.148114026,8,6,8,,,,,
small,8,3,3,5,442,greedy,area,success,55,0.002782679,5,11,8,,,,,
small,8,3,3,5,442,stochastic_greedy,area,success,55,0.002529903,5,11,8,,,,,
small,8,3,3,5,442,genetic_greedy,area,success,55,0.15202375,5,11,8,12565,253,995,0.020135296458416236,3.932806324110672
small,8,3,3,5,442,genetic_stochastic,area,success,54,0.126452267,6,9,8,12636,224,860,0.017727128838239948,3.8392857142857144
small,8,3,3,5,442,cplex,area,feasible,48,2000.155227692,8,6,8,,,,,
small,8,3,3,6,542,greedy,area,success,60,0.003361277,20,3,8,,,,,
small,8,3,3,6,542,stochastic_greedy,area,success,63,0.004398732,21,3,8,,,,,
small,8,3,3,6,542,genetic_greedy,area,success,60,0.139949422,20,3,8,12624,108,453,0.008555133079847909,4.194444444444445
small,8,3,3,6,542,genetic_stochastic,area,success,56,0.216853564,4,14,8,12630,480,2080,0.03800475059382423,4.333333333333333
small,8,3,3,6,542,cplex,area,feasible,50,2000.224477403,10,5,8,,,,,
small,8,3,3,7,642,greedy,area,success,57,0.003406747,3,19,8,,,,,
small,8,3,3,7,642,stochastic_greedy,area,success,60,0.00318833,3,20,8,,,,,
small,8,3,3,7,642,genetic_greedy,area,success,48,0.130759037,8,6,8,12650,52,211,0.004110671936758893,4.0576923076923075
small,8,3,3,7,642,genetic_stochastic,area,success,48,0.096766873,8,6,8,12518,120,426,0.009586195877935773,3.55
small,8,3,3,7,642,cplex,area,optimal,45,1419.837354804,5,9,8,,,,,
small,8,3,3,8,742,greedy,area,success,56,0.002691051,14,4,8,,,,,
small,8,3,3,8,742,stochastic_greedy,area,success,56,0.002535418,14,4,8,,,,,
small,8,3,3,8,742,genetic_greedy,area,success,55,0.146851445,5,11,8,12697,88,440,0.006930771048279121,5.0
small,8,3,3,8,742,genetic_stochastic,area,success,52,0.17753471,13,4,8,12617,313,1523,0.02480779900134739,4.865814696485623
small,8,3,3,8,742,cplex,area,optimal,48,1940.332692281,6,8,8,,,,,
small,8,3,3,9,842,greedy,area,success,50,0.002487362,5,10,8,,,,,
small,8,3,3,9,842,stochastic_greedy,area,success,52,0.00216773,4,13,8,,,,,
small,8,3,3,9,842,genetic_greedy,area,success,48,0.142328667,12,4,8,12585,90,501,0.007151370679380214,5.566666666666666
small,8,3,3,9,842,genetic_stochastic,area,success,48,0.124304453,12,4,8,12523,209,1062,0.01668929170326599,5.08133971291866
small,8,3,3,9,842,cplex,area,optimal,48,1835.905597216,8,6,8,,,,,
small,8,3,3,10,942,greedy,area,success,60,0.004038374,5,12,8,,,,,
small,8,3,3,10,942,stochastic_greedy,area,success,63,0.008268207,21,3,8,,,,,
small,8,3,3,10,942,genetic_greedy,area,success,60,0.170879822,6,10,8,12521,129,499,0.010302691478316429,3.868217054263566
small,8,3,3,10,942,genetic_stochastic,area,success,54,0.139272281,6,9,8,12598,333,1257,0.026432767105889824,3.774774774774775
small,8,3,3,10,942,cplex,area,feasible,54,2000.144776319,9,6,8,,,,,
small,10,3,3,1,42,greedy,area,success,69,0.008672532,23,3,10,,,,,
small,10,3,3,1,42,stochastic_greedy,area,success,78,0.01276087,3,26,10,,,,,
small,10,3,3,1,42,genetic_greedy,area,success,69,0.227241742,23,3,10,12790,247,1094,0.01931196247068022,4.42914979757085
small,10,3,3,1,42,genetic_stochastic,area,success,64,0.396925551,8,8,10,12620,720,3547,0.05705229793977813,4.926388888888889
small,10,3,3,1,42,cplex,area,feasible,64,2000.407632752,8,8,10,,,,,
small,10,3,3,2,142,greedy,area,success,75,0.005633795,3,25,10,,,,,
small,10,3,3,2,142,stochastic_greedy,area,success,72,0.004628991,24,3,10,,,,,
small,10,3,3,2,142,genetic_greedy,area,success,70,0.188989619,7,10,10,12576,89,658,0.007076972010178117,7.393258426966292
small,10,3,3,2,142,genetic_stochastic,area,success,60,0.296152189,10,6,10,12617,1477,3134,0.11706427835460094,2.12186865267434
small,10,3,3,2,142,cplex,area,feasible,60,2000.368891659,12,5,10,,,,,
small,10,3,3,3,242,greedy,area,success,64,0.003511058,8,8,10,,,,,
small,10,3,3,3,242,stochastic_greedy,area,success,66,0.002964171,11,6,10,,,,,
small,10,3,3,3,242,genetic_greedy,area,success,60,0.16394539,5,12,10,12615,135,562,0.01070154577883472,4.162962962962963
small,10,3,3,3,242,genetic_stochastic,area,success,60,0.264358441,4,15,10,12646,411,2434,0.032500395381938954,5.922141119221411
small,10,3,3,3,242,cplex,area,feasible,54,2000.515469225,6,9,10,,,,,
small,10,3,3,4,342,greedy,area,success,69,0.004792108,3,23,10,,,,,
small,10,3,3,4,342,stochastic_greedy,area,success,63,0.003756012,3,21,10,,,,,
small,10,3,3,4,342,genetic_greedy,area,success,64,0.172675535,8,8,10,12597,102,567,0.008097165991902834,5.5588235294117645
small,10,3,3,4,342,genetic_stochastic,area,success,60,0.240393362,10,6,10,12697,497,3005,0.03914310467039458,6.046277665995976
small,10,3,3,4,342,cplex,area,feasible,54,2000.366183233,6,9,10,,,,,
small,10,3,3,5,442,greedy,area,success,75,0.005491927,3,25,10,,,,,
small,10,3,3,5,442,stochastic_greedy,area,success,76,0.004352008,4,19,10,,,,,
small,10,3,3,5,442,genetic_greedy,area,success,64,0.185105698,8,8,10,12704,202,1050,0.015900503778337533,5.198019801980198
small,10,3,3,5,442,genetic_stochastic,area,success,60,0.268964418,6,10,10,12723,530,2695,0.041656841939794076,5.084905660377358
small,10,3,3,5,442,cplex,area,feasible,63,2000.365755998,9,7,10,,,,,
small,10,3,3,6,542,greedy,area,success,60,0.003215405,5,12,10,,,,,
small,10,3,3,6,542,stochastic_greedy,area,success,66,0.004003412,22,3,10,,,,,
small,10,3,3,6,542,genetic_greedy,area,success,63,0.35065476,7,9,10,12402,1097,1605,0.08845347524592807,1.4630811303555151
small,10,3,3,6,542,genetic_stochastic,area,success,56,0.213909335,8,7,10,12504,382,1759,0.03055022392834293,4.604712041884817
small,10,3,3,6,542,cplex,area,feasible,60,2004.02167871,6,10,10,,,,,
small,10,3,3,7,642,greedy,area,success,72,0.006513394,3,24,10,,,,,
small,10,3,3,7,642,stochastic_greedy,area,success,75,0.005727878,3,25,10,,,,,
small,10,3,3,7,642,genetic_greedy,area,success,63,0.11761278,7,9,10,12623,84,434,0.0066545195278459954,5.166666666666667
small,10,3,3,7,642,genetic_stochastic,area,success,60,0.359199391,4,15,10,12604,1717,3467,0.13622659473183116,2.0192195690157253
small,10,3,3,7,642,cplex,area,feasible,54,2000.37531864,9,6,10,,,,,
small,10,3,3,8,742,greedy,area,success,63,0.004005379,9,7,10,,,,,
small,10,3,3,8,742,stochastic_greedy,area,success,70,0.003189699,10,7,10,,,,,
small,10,3,3,8,742,genetic_greedy,area,success,54,0.137694653,9,6,10,12629,48,183,0.0038007759917649854,3.8125
small,10,3,3,8,742,genetic_stochastic,area,success,54,0.194027557,9,6,10,12560,265,1435,0.02109872611464968,5.415094339622642
small,10,3,3,8,742,cplex,area,feasible,54,2002.310617637,9,6,10,,,,,
small,10,3,3,9,842,greedy,area,success,70,0.003750453,7,10,10,,,,,
small,10,3,3,9,842,stochastic_greedy,area,success,65,0.003680725,5,13,10,,,,,
small,10,3,3,9,842,genetic_greedy,area,success,56,0.225717779,8,7,10,12591,473,1040,0.03756651576522913,2.1987315010570825
small,10,3,3,9,842,genetic_stochastic,area,success,56,0.219102111,8,7,10,12611,378,1843,0.029973832368567124,4.875661375661376
small,10,3,3,9,842,cplex,area,feasible,54,2000.373360219,9,6,10,,,,,
small,10,3,3,10,942,greedy,area,success,75,0.005299037,3,25,10,,,,,
small,10,3,3,10,942,stochastic_greedy,area,success,60,0.003040243,12,5,10,,,,,
small,10,3,3,10,942,genetic_greedy,area,success,60,0.179409417,12,5,10,12567,86,487,0.006843319805840694,5.662790697674419
small,10,3,3,10,942,genetic_stochastic,area,success,60,0.203615308,12,5,10,12595,320,1636,0.02540690750297737,5.1125
small,10,3,3,10,942,cplex,area,feasible,60,2000.384292902,12,5,10,,,,,
medium,20,3,3,1,42,greedy,area,success,132,0.012063701,4,33,20,,,,,
medium,20,3,3,1,42,stochastic_greedy,area,success,132,0.017533023,3,44,20,,,,,
medium,20,3,3,1,42,genetic_greedy,area,success,108,2.110030459,9,12,20,28348,981,13975,0.03460561591646677,14.24566768603466
medium,20,3,3,1,42,genetic_stochastic,area,success,96,1.56282183,12,8,20,28297,939,12598,0.03318372972399901,13.41640042598509
medium,20,3,3,1,42,cplex,area,feasible,114,2005.234520556,6,19,20,,,,,
medium,20,3,3,2,142,greedy,area,success,114,0.007631484,6,19,20,,,,,
medium,20,3,3,2,142,stochastic_greedy,area,success,135,0.010290441,5,27,20,,,,,
medium,20,3,3,2,142,genetic_greedy,area,success,114,0.986288227,38,3,20,28274,287,4306,0.010150668458654595,15.003484320557492
medium,20,3,3,2,142,genetic_stochastic,area,success,102,1.879897944,17,6,20,28345,1097,16376,0.0387017110601517,14.927985414767548
medium,20,3,3,2,142,cplex,area,feasible,120,2006.518759579,8,15,20,,,,,
medium,20,3,3,3,242,greedy,area,success,105,0.007120539,7,15,20,,,,,
medium,20,3,3,3,242,stochastic_greedy,area,success,119,0.00746075,7,17,20,,,,,
medium,20,3,3,3,242,genetic_greedy,area,success,105,0.736415989,7,15,20,28281,128,1817,0.004526006859729147,14.1953125
medium,20,3,3,3,242,genetic_stochastic,area,success,102,2.06192291,6,17,20,28435,2661,16292,0.09358185334974503,6.1225103344607295
medium,20,3,3,3,242,cplex,area,feasible,126,2005.624183678,6,21,20,,,,,
medium,20,3,3,4,342,greedy,area,success,117,0.013588127,3,39,20,,,,,
medium,20,3,3,4,342,stochastic_greedy,area,success,117,0.014856855,3,39,20,,,,,
medium,20,3,3,4,342,genetic_greedy,area,success,104,0.740320645,4,26,20,28325,170,2677,0.006001765225066196,15.74705882352941
medium,20,3,3,4,342,genetic_stochastic,area,success,96,1.648351597,4,24,20,28307,2013,9728,0.07111315222383156,4.832588176850472
medium,20,3,3,4,342,cplex,area,feasible,114,2007.739003665,6,19,20,,,,,
medium,20,3,3,5,442,greedy,area,success,116,0.009982203,29,4,20,,,,,
medium,20,3,3,5,442,stochastic_greedy,area,success,124,0.011895989,31,4,20,,,,,
medium,20,3,3,5,442,genetic_greedy,area,success,108,1.044811383,27,4,20,28376,323,5285,0.011382858753876516,16.362229102167184
medium,20,3,3,5,442,genetic_stochastic,area,success,99,2.01920586,11,9,20,28298,1071,15544,0.03784719768181497,14.513538748832866
medium,20,3,3,5,442,cplex,area,feasible,120,2005.454913292,6,20,20,,,,,
medium,20,3,3,6,542,greedy,area,success,132,0.017155051,44,3,20,,,,,
medium,20,3,3,6,542,stochastic_greedy,area,success,135,0.023268149,45,3,20,,,,,
medium,20,3,3,6,542,genetic_greedy,area,success,95,0.869885803,5,19,20,28273,321,4429,0.011353588229052454,13.797507788161994
medium,20,3,3,6,542,genetic_stochastic,area,success,95,1.534469351,5,19,20,28359,945,12829,0.03332275468105363,13.575661375661376
medium,20,3,3,6,542,cplex,area,feasible,108,2005.501690124,6,18,20,,,,,
medium,20,3,3,7,642,greedy,area,success,120,0.008711523,5,24,20,,,,,
medium,20,3,3,7,642,stochastic_greedy,area,success,125,0.010073216,5,25,20,,,,,
medium,20,3,3,7,642,genetic_greedy,area,success,105,0.931882817,15,7,20,28271,345,4783,0.012203317887587987,13.86376811594203
medium,20,3,3,7,642,genetic_stochastic,area,success,95,1.620075741,5,19,20,28213,986,14738,0.03494842802963173,14.947261663286005
medium,20,3,3,7,642,cplex,area,feasible,125,2005.153827155,25,5,20,,,,,
medium,20,3,3,8,742,greedy,area,success,120,0.008748161,24,5,20,,,,,
medium,20,3,3,8,742,stochastic_greedy,area,success,100,0.006230506,20,5,20,,,,,
medium,20,3,3,8,742,genetic_greedy,area,success,100,0.887462842,20,5,20,28306,218,3117,0.007701547375114816,14.29816513761468
medium,20,3,3,8,742,genetic_stochastic,area,success,95,1.454326143,19,5,20,28343,893,11289,0.031506897646685246,12.641657334826428
medium,20,3,3,8,742,cplex,area,feasible,126,2005.786533681,6,21,20,,,,,
medium,20,3,3,9,842,greedy,area,success,117,0.007991039,9,13,20,,,,,
medium,20,3,3,9,842,stochastic_greedy,area,success,110,0.007277621,22,5,20,,,,,
medium,20,3,3,9,842,genetic_greedy,area,success,99,1.165015565,9,11,20,28349,662,8682,0.023351793714063988,13.114803625377643
medium,20,3,3,9,842,genetic_stochastic,area,success,90,1.123304371,9,10,20,28254,785,9461,0.02778367664755433,12.052229299363058
medium,20,3,3,9,842,cplex,area,feasible,130,2005.131691709,5,26,20,,,,,
medium,20,3,3,10,942,greedy,area,success,130,0.009273152,13,10,20,,,,,
medium,20,3,3,10,942,stochastic_greedy,area,success,129,0.016042879,3,43,20,,,,,
medium,20,3,3,10,942,genetic_greedy,area,success,104,0.938393225,8,13,20,28401,369,5067,0.012992500264075208,13.731707317073171
medium,20,3,3,10,942,genetic_stochastic,area,success,91,1.377620258,7,13,20,28293,933,12451,0.03297635457533665,13.345123258306538
medium,20,3,3,10,942,cplex,area,feasible,120,2005.342184658,10,12,20,,,,,
medium,30,3,3,1,42,greedy,area,success,143,0.030986383,11,13,30,,,,,
medium,30,3,3,1,42,stochastic_greedy,area,success,156,0.019292972,4,39,30,,,,,
medium,30,3,3,1,42,genetic_greedy,area,success,140,5.693570774,20,7,30,28348,1097,27254,0.03869761535205306,24.84412032816773
medium,30,3,3,1,42,genetic_stochastic,area,success,136,3.140607458,34,4,30,28482,596,14515,0.02092549680499965,24.354026845637584
medium,30,3,3,1,42,cplex,area,feasible,330,2019.088164228,11,30,30,,,,,
medium,30,3,3,2,142,greedy,area,success,150,0.011742358,25,6,30,,,,,
medium,30,3,3,2,142,stochastic_greedy,area,success,150,0.01352849,30,5,30,,,,,
medium,30,3,3,2,142,genetic_greedy,area,success,132,3.417934412,11,12,30,28297,639,15822,0.02258189914125172,24.760563380281692
medium,30,3,3,2,142,genetic_stochastic,area,success,132,3.282003002,6,22,30,28159,710,16314,0.02521396356404702,22.977464788732394
medium,30,3,3,2,142,cplex,area,feasible,575,2028.293241192,23,25,30,,,,,
medium,30,3,3,3,242,greedy,area,success,164,0.020866786,4,41,30,,,,,
medium,30,3,3,3,242,stochastic_greedy,area,success,176,0.025192412,4,44,30,,,,,
medium,30,3,3,3,242,genetic_greedy,area,success,150,2.617396625,10,15,30,28525,385,9355,0.013496932515337423,24.2987012987013
medium,30,3,3,3,242,genetic_stochastic,area,success,144,4.062783403,6,24,30,28274,839,19681,0.029673905354742874,23.457687723480333
medium,30,3,3,3,242,cplex,area,feasible,558,2025.077460305,18,31,30,,,,,
medium,30,3,3,4,342,greedy,area,success,152,0.018475312,4,38,30,,,,,
medium,30,3,3,4,342,stochastic_greedy,area,success,152,0.017512476,4,38,30,,,,,
medium,30,3,3,4,342,genetic_greedy,area,success,132,2.207651674,22,6,30,28427,322,7874,0.011327259295739965,24.453416149068325
medium,30,3,3,4,342,genetic_stochastic,area,success,121,3.701386419,11,11,30,28427,958,22721,0.03370035529602139,23.717118997912316
medium,30,3,3,4,342,cplex,area,feasible,174,2019.140105,6,29,30,,,,,
medium,30,3,3,5,442,greedy,area,success,160,0.019884,40,4,30,,,,,
medium,30,3,3,5,442,stochastic_greedy,area,success,150,0.01341,30,5,30,,,,,
medium,30,3,3,5,442,genetic_greedy,area,success,144,2.140379,36,4,30,28543,384,8739,0.013453386119188592,22.7578125
medium,30,3,3,5,442,genetic_stochastic,area,success,132,4.234946,11,12,30,28305,1359,26960,0.048012718600953894,19.83811626195732
medium,30,3,3,5,442,cplex,area,feasible,588,2019.643093,21,28,30,,,,,
medium,30,3,3,6,542,greedy,area,success,155,0.014917,5,31,30,,,,,
medium,30,3,3,6,542,stochastic_greedy,area,success,174,0.035368,3,58,30,,,,,
medium,30,3,3,6,542,genetic_greedy,area,success,132,2.855746,11,12,30,28317,488,12522,0.017233463996892327,25.65983606557377
medium,30,3,3,6,542,genetic_stochastic,area,success,130,2.974233,5,26,30,28460,648,15174,0.022768798313422347,23.416666666666668
medium,30,3,3,6,542,cplex,area,feasible,180,2019.992971,6,30,30,,,,,
medium,30,3,3,7,642,greedy,area,success,136,0.01502,4,34,30,,,,,
medium,30,3,3,7,642,stochastic_greedy,area,success,168,0.023032,4,42,30,,,,,
medium,30,3,3,7,642,genetic_greedy,area,success,126,2.593432,21,6,30,28505,364,9482,0.012769689528152956,26.04945054945055
medium,30,3,3,7,642,genetic_stochastic,area,success,120,3.553654,24,5,30,28172,879,20013,0.0312011926735766,22.7679180887372
medium,30,3,3,7,642,cplex,area,feasible,174,2024.829971,6,29,30,,,,,
medium,30,3,3,8,742,greedy,area,success,152,0.018069,4,38,30,,,,,
medium,30,3,3,8,742,stochastic_greedy,area,success,162,0.029119,3,54,30,,,,,
medium,30,3,3,8,742,genetic_greedy,area,success,144,2.463886,6,24,30,28500,402,9748,0.014105263157894737,24.248756218905474
medium,30,3,3,8,742,genetic_stochastic,area,success,132,3.103472,22,6,30,28423,672,15842,0.023642824473137952,23.574404761904763
medium,30,3,3,8,742,cplex,area,feasible,416,2019.99156,26,16,30,,,,,
medium,30,3,3,9,842,greedy,area,success,164,0.02119,4,41,30,,,,,
medium,30,3,3,9,842,stochastic_greedy,area,success,180,0.0369,3,60,30,,,,,
medium,30,3,3,9,842,genetic_greedy,area,success,144,2.285903,12,12,30,28446,438,9764,0.015397595443999157,22.292237442922374
medium,30,3,3,9,842,genetic_stochastic,area,success,132,3.941279,11,12,30,28271,829,20332,0.029323334866117223,24.52593486127865
medium,30,3,3,9,842,cplex,area,feasible,174,2019.951662,6,29,30,,,,,
medium,30,3,3,10,942,greedy,area,success,171,0.03353,3,57,30,,,,,
medium,30,3,3,10,942,stochastic_greedy,area,success,180,0.024701,4,45,30,,,,,
medium,30,3,3,10,942,genetic_greedy,area,success,140,1.935934,20,7,30,28328,278,6722,0.009813611974018638,24.179856115107913
medium,30,3,3,10,942,genetic_stochastic,area,success,140,3.186582,28,5,30,28491,685,16195,0.02404268014460707,23.642335766423358
medium,30,3,3,10,942,cplex,area,feasible,240,2019.405783,10,24,30,,,,,
medium,50,3,3,1,42,greedy,area,success,250,0.068253,5,50,50,,,,,
medium,50,3,3,1,42,stochastic_greedy,area,success,232,0.048325,58,4,50,,,,,
medium,50,3,3,1,42,genetic_greedy,area,success,196,11.914054,14,14,50,28368,766,32787,0.02700225606316977,42.802872062663184
medium,50,3,3,1,42,genetic_stochastic,area,success,196,12.128085,14,14,50,28393,766,32541,0.026978480611418307,42.48172323759791
medium,50,3,3,2,142,greedy,area,success,228,0.048812,4,57,50,,,,,
medium,50,3,3,2,142,stochastic_greedy,area,success,240,0.054824,4,60,50,,,,,
medium,50,3,3,2,142,genetic_greedy,area,success,196,18.748563,14,14,50,28137,1347,56983,0.047872907559441305,42.30363771343727
medium,50,3,3,3,242,greedy,area,success,224,0.074565,4,56,50,,,,,
medium,50,3,3,3,242,stochastic_greedy,area,success,228,0.071566,57,4,50,,,,,
medium,50,3,3,3,242,genetic_greedy,area,success,205,8.669118,5,41,50,28393,526,22188,0.01852569295248829,42.18250950570342
medium,50,3,3,3,242,genetic_stochastic,area,success,196,15.301536,14,14,50,28353,2811,42213,0.0991429478362078,15.017075773745997
medium,50,3,3,4,342,greedy,area,success,240,0.105077,3,80,50,,,,,
medium,50,3,3,4,342,stochastic_greedy,area,success,243,0.087337,3,81,50,,,,,
medium,50,3,3,4,342,genetic_greedy,area,success,188,8.389311,47,4,50,28358,474,20604,0.01671486000423161,43.46835443037975
medium,50,3,3,4,342,genetic_stochastic,area,success,182,16.523362,14,13,50,28145,1060,44350,0.037662106946171614,41.839622641509436
medium,50,3,3,5,442,greedy,area,success,215,0.125079,5,43,50,,,,,
medium,50,3,3,5,442,stochastic_greedy,area,success,258,0.297326,3,86,50,,,,,
medium,50,3,3,5,442,genetic_greedy,area,success,196,29.79948,14,14,50,28312,1043,44901,0.036839502684374116,43.04985618408437
medium,50,3,3,5,442,genetic_stochastic,area,success,196,20.693159,14,14,50,28239,890,37438,0.03151669676688268,42.065168539325846
medium,50,3,3,6,542,greedy,area,success,216,0.082288,4,54,50,,,,,
medium,50,3,3,6,542,stochastic_greedy,area,success,232,0.059105,58,4,50,,,,,
medium,50,3,3,6,542,genetic_greedy,area,success,200,8.385163,5,40,50,28327,403,17249,0.014226709499770536,42.8014888337469
medium,50,3,3,6,542,genetic_stochastic,area,success,196,12.439912,14,14,50,28324,693,29388,0.02446688320858636,42.40692640692641
medium,50,3,3,7,642,greedy,area,success,208,0.109375,4,52,50,,,,,
medium,50,3,3,7,642,stochastic_greedy,area,success,210,0.065915,6,35,50,,,,,
medium,50,3,3,7,642,genetic_greedy,area,success,188,12.237166,4,47,50,28229,283,12827,0.010025151440008501,45.32508833922262
medium,50,3,3,7,642,genetic_stochastic,area,success,169,33.389691,13,13,50,28227,1515,61012,0.053672016154745456,40.27194719471947
medium,50,3,3,8,742,greedy,area,success,216,0.05165,27,8,50,,,,,
medium,50,3,3,8,742,stochastic_greedy,area,success,267,0.117233,3,89,50,,,,,
medium,50,3,3,8,742,genetic_greedy,area,success,204,8.753042,6,34,50,28320,437,19602,0.015430790960451978,44.8558352402746
medium,50,3,3,8,742,genetic_stochastic,area,success,196,14.175077,14,14,50,28426,1008,41942,0.035460493914022374,41.60912698412698
medium,50,3,3,9,842,greedy,area,success,252,0.141531,3,84,50,,,,,
medium,50,3,3,9,842,stochastic_greedy,area,success,236,0.108705,4,59,50,,,,,
medium,50,3,3,9,842,genetic_greedy,area,success,210,14.057886,14,15,50,28451,524,23125,0.018417630311764084,44.13167938931298
medium,50,3,3,9,842,genetic_stochastic,area,success,196,26.899308,14,14,50,28133,986,42323,0.03504780862332492,42.92393509127789
medium,50,3,3,10,942,greedy,area,success,224,0.055235,4,56,50,,,,,
medium,50,3,3,10,942,stochastic_greedy,area,success,220,0.056345,4,55,50,,,,,
medium,50,3,3,10,942,genetic_greedy,area,success,196,10.011289,14,14,50,28343,535,23175,0.01887591292382599,43.3177570093458
medium,50,3,3,10,942,genetic_stochastic,area,success,195,10.610929,13,15,50,28363,669,27860,0.02358706765856926,41.64424514200299
large,60,3,3,1,42,greedy,area,success,250,0.09184,5,50,60,,,,,
large,60,3,3,1,42,stochastic_greedy,area,success,265,0.094686,5,53,60,,,,,
large,60,3,3,1,42,genetic_greedy,area,success,225,52.07832,15,15,60,50326,2324,118586,0.046178913484083775,51.026678141135974
large,60,3,3,1,42,genetic_stochastic,area,success,225,45.444487,15,15,60,50385,1590,80745,0.03155701101518309,50.783018867924525
large,60,3,3,2,142,greedy,area,success,250,0.092943,5,50,60,,,,,
large,60,3,3,2,142,stochastic_greedy,area,success,309,0.251556,103,3,60,,,,,
large,60,3,3,2,142,genetic_greedy,area,success,210,35.829513,14,15,60,50305,1512,74006,0.030056654408110527,48.945767195767196
large,60,3,3,2,142,genetic_stochastic,area,success,224,40.170081,14,16,60,50415,1282,67364,0.0254289397996628,52.546021840873635
large,60,3,3,3,242,greedy,area,success,303,0.266332,101,3,60,,,,,
large,60,3,3,3,242,stochastic_greedy,area,success,294,0.258333,98,3,60,,,,,
large,60,3,3,3,242,genetic_greedy,area,success,225,27.870239,15,15,60,50139,872,46438,0.017391651209637208,53.2545871559633
large,60,3,3,3,242,genetic_stochastic,area,success,210,37.417885,14,15,60,50792,1331,68023,0.026204914159710192,51.10668670172802
large,60,3,3,4,342,greedy,area,success,282,0.201265,3,94,60,,,,,
large,60,3,3,4,342,stochastic_greedy,area,success,260,0.113409,65,4,60,,,,,
large,60,3,3,4,342,genetic_greedy,area,success,210,39.758464,15,14,60,50741,2082,98373,0.04103190713624091,47.2492795389049
large,60,3,3,4,342,genetic_stochastic,area,success,210,44.168216,14,15,60,50415,2056,103561,0.04078151343846077,50.37013618677043
large,60,3,3,5,442,greedy,area,success,297,0.200618,99,3,60,,,,,
large,60,3,3,5,442,stochastic_greedy,area,success,306,0.316869,3,102,60,,,,,
large,60,3,3,5,442,genetic_greedy,area,success,231,19.04434,7,33,60,50474,618,32962,0.012243927566667987,53.336569579288025
large,60,3,3,5,442,genetic_stochastic,area,success,224,38.445683,16,14,60,50373,1485,75007,0.02948007861354297,50.50976430976431
large,60,3,3,6,542,greedy,area,success,256,0.13293,64,4,60,,,,,
large,60,3,3,6,542,stochastic_greedy,area,success,276,0.126199,4,69,60,,,,,
large,60,3,3,6,542,genetic_greedy,area,success,210,23.86521,15,14,60,50274,804,42392,0.01599236185702351,52.72636815920398
large,60,3,3,6,542,genetic_stochastic,area,success,224,37.833345,14,16,60,50370,1526,81275,0.030295810998610284,53.26015727391874
large,60,3,3,7,642,greedy,area,success,264,0.112149,4,66,60,,,,,
large,60,3,3,7,642,stochastic_greedy,area,success,234,0.081729,6,39,60,,,,,
large,60,3,3,7,642,genetic_greedy,area,success,222,17.131721,37,6,60,50481,552,28813,0.01093480715516729,52.197463768115945
large,60,3,3,7,642,genetic_stochastic,area,success,210,28.995927,14,15,60,50563,1382,69121,0.02733223898898404,50.015195369030394
large,60,3,3,8,742,greedy,area,success,276,0.112037,4,69,60,,,,,
large,60,3,3,8,742,stochastic_greedy,area,success,309,0.154785,3,103,60,,,,,
large,60,3,3,8,742,genetic_greedy,area,success,240,26.843047,60,4,60,50401,2141,60340,0.04247931588658955,28.183092013078
large,60,3,3,8,742,genetic_stochastic,area,success,225,30.588573,15,15,60,50437,1429,74179,0.028332375042131767,51.90972708187544
large,60,3,3,9,842,greedy,area,success,312,0.164052,104,3,60,,,,,
large,60,3,3,9,842,stochastic_greedy,area,success,327,0.17911,109,3,60,,,,,
large,60,3,3,9,842,genetic_greedy,area,success,225,25.070699,15,15,60,50483,1030,53681,0.02040290790959333,52.11747572815534
large,60,3,3,9,842,genetic_stochastic,area,success,225,22.77817,15,15,60,50489,907,47310,0.017964309057418446,52.160970231532524
large,60,3,3,10,942,greedy,area,success,297,0.142107,3,99,60,,,,,
large,60,3,3,10,942,stochastic_greedy,area,success,256,0.061203,4,64,60,,,,,
large,60,3,3,10,942,genetic_greedy,area,success,235,21.981444,5,47,60,50602,900,46140,0.01778585826647168,51.266666666666666
large,60,3,3,10,942,genetic_stochastic,area,success,225,32.756987,15,15,60,50436,1505,78323,0.029839796970417956,52.04186046511628
large,80,3,3,1,42,greedy,area,success,328,0.130755,4,82,80,,,,,
large,80,3,3,1,42,stochastic_greedy,area,success,390,0.294752,3,130,80,,,,,
large,80,3,3,1,42,genetic_greedy,area,success,256,48.599956,16,16,80,50548,1476,82148,0.029199968346917782,55.65582655826558
large,80,3,3,1,42,genetic_stochastic,area,success,256,67.516341,16,16,80,50744,1549,109021,0.03052577644647643,70.38153647514525
large,80,3,3,2,142,greedy,area,success,393,0.307089,131,3,80,,,,,
large,80,3,3,2,142,stochastic_greedy,area,success,332,0.12195,4,83,80,,,,,
large,80,3,3,2,142,genetic_greedy,area,success,289,88.452988,17,17,80,50366,2006,138925,0.039828455704244925,69.25473579262213
large,80,3,3,2,142,genetic_stochastic,area,success,288,68.026142,16,18,80,50337,1518,103720,0.030156743548483224,68.32674571805006
large,80,3,3,3,242,greedy,area,success,336,0.122417,4,84,80,,,,,
large,80,3,3,3,242,stochastic_greedy,area,success,332,0.120625,83,4,80,,,,,
large,80,3,3,3,242,genetic_greedy,area,success,272,80.408502,16,17,80,50457,1590,115806,0.03151198049824603,72.83396226415094
large,80,3,3,3,242,genetic_stochastic,area,success,272,60.252725,17,16,80,50296,1260,89014,0.02505169397168761,70.64603174603175
large,80,3,3,4,342,greedy,area,success,357,0.240824,3,119,80,,,,,
large,80,3,3,4,342,stochastic_greedy,area,success,360,0.239984,3,120,80,,,,,
large,80,3,3,4,342,genetic_greedy,area,success,256,56.040196,16,16,80,50605,1321,95475,0.0261041399071238,72.27479182437547
large,80,3,3,4,342,genetic_stochastic,area,success,272,46.582513,16,17,80,50289,4421,84572,0.0879118693948975,19.12960868581769
large,80,3,3,5,442,greedy,area,success,342,0.215134,114,3,80,,,,,
large,80,3,3,5,442,stochastic_greedy,area,success,342,0.210157,114,3,80,,,,,
large,80,3,3,5,442,genetic_greedy,area,success,265,44.039087,53,5,80,50319,926,65710,0.018402591466444088,70.96112311015119
large,80,3,3,5,442,genetic_stochastic,area,success,256,60.620302,16,16,80,50675,1512,99295,0.029837197829304392,65.67129629629629
large,80,3,3,6,542,greedy,area,success,328,0.121601,4,82,80,,,,,
large,80,3,3,6,542,stochastic_greedy,area,success,320,0.111932,4,80,80,,,,,
large,80,3,3,6,542,genetic_greedy,area,success,256,51.105559,16,16,80,50528,1151,77477,0.022779449018366055,67.31277150304084
large,80,3,3,6,542,genetic_stochastic,area,success,272,54.905209,17,16,80,50125,1158,79970,0.023102244389027433,69.0587219343696
large,80,3,3,7,642,greedy,area,success,328,0.128943,4,82,80,,,,,
large,80,3,3,7,642,stochastic_greedy,area,success,363,0.246992,3,121,80,,,,,
large,80,3,3,7,642,genetic_greedy,area,success,272,41.764886,16,17,80,50335,799,58212,0.015873646567994438,72.85607008760951
large,80,3,3,7,642,genetic_stochastic,area,success,272,36.195842,16,17,80,50316,706,51247,0.014031322044677637,72.58781869688386
large,80,3,3,8,742,greedy,area,success,320,0.115643,4,80,80,,,,,
large,80,3,3,8,742,stochastic_greedy,area,success,363,0.247569,3,121,80,,,,,
large,80,3,3,8,742,genetic_greedy,area,success,272,37.067115,17,16,80,50411,650,46270,0.012894011227708238,71.18461538461538
large,80,3,3,8,742,genetic_stochastic,area,success,272,50.381499,16,17,80,50333,1056,74781,0.020980271392525777,70.8153409090909
large,80,3,3,9,842,greedy,area,success,405,0.334272,135,3,80,,,,,
large,80,3,3,9,842,stochastic_greedy,area,success,369,0.259147,3,123,80,,,,,
large,80,3,3,9,842,genetic_greedy,area,success,272,42.207141,17,16,80,50348,738,52990,0.014657980456026058,71.80216802168022
large,80,3,3,9,842,genetic_stochastic,area,success,272,51.276225,17,16,80,50363,958,69237,0.01902190099874908,72.27244258872652
large,80,3,3,10,942,greedy,area,success,357,0.23805,3,119,80,,,,,
large,80,3,3,10,942,stochastic_greedy,area,success,308,0.102783,4,77,80,,,,,
large,80,3,3,10,942,genetic_greedy,area,success,272,53.877877,17,16,80,50438,1160,80512,0.0229985328522146,69.40689655172413
large,80,3,3,10,942,genetic_stochastic,area,success,272,77.877832,16,17,80,50351,1802,127940,0.035788762884550455,70.99889012208656
large,100,3,3,1,42,greedy,area,success,444,0.437447,3,148,100,,,,,
large,100,3,3,1,42,stochastic_greedy,area,success,441,0.424405,3,147,100,,,,,
large,100,3,3,1,42,genetic_greedy,area,success,289,89.246972,17,17,100,50382,2088,93904,0.041443372633083245,44.97318007662835
large,100,3,3,1,42,genetic_stochastic,area,success,306,96.67283,18,17,100,50412,1133,101718,0.022474807585495516,89.77758164165931
large,100,3,3,2,142,greedy,area,success,388,0.193393,4,97,100,,,,,
large,100,3,3,2,142,stochastic_greedy,area,success,392,0.192589,4,98,100,,,,,
large,100,3,3,2,142,genetic_greedy,area,success,324,122.220238,18,18,100,50272,1521,133949,0.03025541056651814,88.0664036817883
large,100,3,3,2,142,genetic_stochastic,area,success,324,109.208892,18,18,100,50373,1381,122087,0.02741548051535545,88.40477914554671
large,100,3,3,3,242,greedy,area,success,411,0.357124,137,3,100,,,,,
large,100,3,3,3,242,stochastic_greedy,area,success,414,0.362661,138,3,100,,,,,
large,100,3,3,3,242,genetic_greedy,area,success,289,165.654512,17,17,100,50521,2317,208354,0.04586211674353239,89.92403970651705
large,100,3,3,3,242,genetic_stochastic,area,success,289,133.97851,17,17,100,50302,1824,160978,0.036260983658701444,88.25548245614036
large,100,3,3,4,342,greedy,area,success,429,0.402983,143,3,100,,,,,
large,100,3,3,4,342,stochastic_greedy,area,success,435,0.410043,3,145,100,,,,,
large,100,3,3,4,342,genetic_greedy,area,success,306,92.298304,18,17,100,50409,1196,106845,0.02372592195838045,89.33528428093645
large,100,3,3,4,342,genetic_stochastic,area,success,323,105.400623,17,19,100,50329,1432,129642,0.02845278070297443,90.53212290502793
large,100,3,3,5,442,greedy,area,success,417,0.370993,139,3,100,,,,,
large,100,3,3,5,442,stochastic_greedy,area,success,429,0.39198,3,143,100,,,,,
large,100,3,3,5,442,genetic_greedy,area,success,306,132.613685,18,17,100,50380,2003,174107,0.03975784041286225,86.92311532700948
large,100,3,3,5,442,genetic_stochastic,area,success,306,127.074313,18,17,100,50540,1715,153311,0.03393351800554017,89.39416909620991
large,100,3,3,6,542,greedy,area,success,450,0.455981,150,3,100,,,,,
large,100,3,3,6,542,stochastic_greedy,area,success,444,0.434706,3,148,100,,,,,
large,100,3,3,6,542,genetic_greedy,area,success,324,97.89886,18,18,100,50610,1206,106611,0.023829282750444575,88.40049751243781
large,100,3,3,6,542,genetic_stochastic,area,success,306,133.397415,17,18,100,50288,1902,168265,0.037822144447979635,88.46740273396425
large,100,3,3,7,642,greedy,area,success,392,0.197894,98,4,100,,,,,
large,100,3,3,7,642,stochastic_greedy,area,success,384,0.183425,4,96,100,,,,,
large,100,3,3,7,642,genetic_greedy,area,success,306,90.096983,17,18,100,50212,1197,107770,0.023838922966621524,90.03341687552214
large,100,3,3,7,642,genetic_stochastic,area,success,323,102.789819,17,19,100,50285,1416,125557,0.028159490901859402,88.670197740113
large,100,3,3,8,742,greedy,area,success,426,0.391092,3,142,100,,,,,
large,100,3,3,8,742,stochastic_greedy,area,success,405,0.345664,3,135,100,,,,,
large,100,3,3,8,742,genetic_greedy,area,success,306,196.275429,18,17,100,50584,2989,264503,0.05908983077653013,88.49213783874205
large,100,3,3,8,742,genetic_stochastic,area,success,306,93.093102,17,18,100,50491,1178,104587,0.02333089065377988,88.78353140916808
large,100,3,3,9,842,greedy,area,success,426,0.395365,3,142,100,,,,,
large,100,3,3,9,842,stochastic_greedy,area,success,435,0.413424,3,145,100,,,,,
large,100,3,3,9,842,genetic_greedy,area,success,306,94.957783,17,18,100,50499,1079,97288,0.02136675973781659,90.16496756255792
large,100,3,3,9,842,genetic_stochastic,area,success,306,122.966192,17,18,100,50457,1489,134072,0.029510276076659334,90.04163868368032
large,100,3,3,10,942,greedy,area,success,360,0.1624,4,90,100,,,,,
large,100,3,3,10,942,stochastic_greedy,area,success,438,0.426592,3,146,100,,,,,
large,100,3,3,10,942,genetic_greedy,area,success,306,140.498123,17,18,100,50384,2026,181045,0.04021117815179422,89.36080947680158
large,100,3,3,10,942,genetic_stochastic,area,success,324,123.275751,18,18,100,50357,1588,142669,0.031534841233592154,89.84193954659949
